{
    "$schema": "https://schema.management.azure.com/schemas/2019-04-01/deploymentTemplate.json#",
    "contentVersion": "1.0.0.0",
    "parameters": {
        "workflows_zfDemoRepos_name": {
            "defaultValue": "zfDemoRepos",
            "type": "String"
        },
        "connections_azurequeues_externalid": {
            "defaultValue": "/subscriptions/86a210e0-3877-4587-8ac4-9b5fa848fb0e/resourceGroups/rainerdtl-Playground-510316/providers/Microsoft.Web/connections/azurequeues",
            "type": "String"
        },
        "connections_visualstudioteamservices_externalid": {
            "defaultValue": "/subscriptions/86a210e0-3877-4587-8ac4-9b5fa848fb0e/resourceGroups/rainerdtl-Playground-510316/providers/Microsoft.Web/connections/visualstudioteamservices",
            "type": "String"
        }
    },
    "variables": {},
    "resources": [
        {
            "type": "Microsoft.Logic/workflows",
            "apiVersion": "2017-07-01",
            "name": "[parameters('workflows_zfDemoRepos_name')]",
            "location": "westeurope",
            "properties": {
                "state": "Enabled",
                "definition": {
                    "$schema": "https://schema.management.azure.com/providers/Microsoft.Logic/schemas/2016-06-01/workflowdefinition.json#",
                    "contentVersion": "1.0.0.0",
                    "parameters": {
                        "$connections": {
                            "defaultValue": {},
                            "type": "Object"
                        }
                    },
                    "triggers": {
                        "When_a_work_item_is_updated": {
                            "recurrence": {
                                "frequency": "Minute",
                                "interval": 1
                            },
                            "splitOn": "@triggerBody()?['value']",
                            "type": "ApiConnection",
                            "inputs": {
                                "host": {
                                    "connection": {
                                        "name": "@parameters('$connections')['visualstudioteamservices']['connectionId']"
                                    }
                                },
                                "method": "get",
                                "path": "/v2/workitemupdated_trigger/@{encodeURIComponent('zfProjectCreation')}/_apis/wit/wiql",
                                "queries": {
                                    "account": "pocit",
                                    "team": "zfProjectCreation Team",
                                    "wiql__System_State": "Approved",
                                    "wiql__System_WorkItemType": "Repository"
                                }
                            }
                        }
                    },
                    "actions": {
                        "Get_work_item_details": {
                            "runAfter": {},
                            "type": "ApiConnection",
                            "inputs": {
                                "host": {
                                    "connection": {
                                        "name": "@parameters('$connections')['visualstudioteamservices']['connectionId']"
                                    }
                                },
                                "method": "get",
                                "path": "/_apis/wit/workitems/@{encodeURIComponent(triggerBody()?['fields']?['System_Parent'])}",
                                "queries": {
                                    "account": "pocit",
                                    "project": "zfProjectCreation",
                                    "typeName": "Project"
                                }
                            }
                        },
                        "Put_a_message_on_a_queue": {
                            "runAfter": {
                                "Get_work_item_details": [
                                    "Succeeded"
                                ]
                            },
                            "type": "ApiConnection",
                            "inputs": {
                                "body": "{\n\"createType\": \"Repository\",\n\"workItemId\": @{triggerBody()?['fields']?['System_Id']},\n\"azp_Id\": @{body('Get_work_item_details')?['fields']?['Custom_AZP_ID']},\n\"projectName\": \"@{body('Get_work_item_details')?['fields']?['System_Title']}\",\n\"repositoryName\": \"@{triggerBody()?['fields']?['System_Title']}\",\n\"dataOwner1\": \"@{triggerBody()?['fields']?['Custom_DataOwner']}\", \n\"dataOwner2\": \"@{triggerBody()?['fields']?['Custom_DataOwner2']}\",\n\"requestor\": \"@{triggerBody()?['fields']?['Custom_Requestor']}\",\n\"costCenter\": \"@{body('Get_work_item_details')?['fields']?['Custom_CostCenter']}\",\n\"costCenterManager\": \"@{body('Get_work_item_details')?['fields']?['Custom_CostCenterManager']}\"\n}",
                                "host": {
                                    "connection": {
                                        "name": "@parameters('$connections')['azurequeues']['connectionId']"
                                    }
                                },
                                "method": "post",
                                "path": "/@{encodeURIComponent('azprojectsetup')}/messages"
                            }
                        },
                        "Update_a_work_item": {
                            "runAfter": {
                                "Put_a_message_on_a_queue": [
                                    "Succeeded"
                                ]
                            },
                            "type": "ApiConnection",
                            "inputs": {
                                "body": {
                                    "userEnteredFields": {
                                        "State": "Pending"
                                    }
                                },
                                "host": {
                                    "connection": {
                                        "name": "@parameters('$connections')['visualstudioteamservices']['connectionId']"
                                    }
                                },
                                "method": "patch",
                                "path": "/_apis/wit/workitems/@{encodeURIComponent(triggerBody()?['fields']?['System_Id'])}",
                                "queries": {
                                    "account": "pocit"
                                }
                            }
                        }
                    },
                    "outputs": {}
                },
                "parameters": {
                    "$connections": {
                        "value": {
                            "azurequeues": {
                                "connectionId": "[parameters('connections_azurequeues_externalid')]",
                                "connectionName": "azurequeues",
                                "id": "/subscriptions/86a210e0-3877-4587-8ac4-9b5fa848fb0e/providers/Microsoft.Web/locations/westeurope/managedApis/azurequeues"
                            },
                            "visualstudioteamservices": {
                                "connectionId": "[parameters('connections_visualstudioteamservices_externalid')]",
                                "connectionName": "visualstudioteamservices",
                                "id": "/subscriptions/86a210e0-3877-4587-8ac4-9b5fa848fb0e/providers/Microsoft.Web/locations/westeurope/managedApis/visualstudioteamservices"
                            }
                        }
                    }
                }
            }
        }
    ]
}